{"cameraMode":{"drawMode":0,"name":"Shaded","section":"Shading Mode"},"sceneLighting":false,"audioPlay":false,"sceneViewState":{"m_AlwaysRefresh":false,"showFog":true,"showSkybox":false,"showFlares":true,"showImageEffects":true,"showParticleSystems":true,"showVisualEffectGraphs":true,"m_FxEnabled":true},"in2DMode":false,"pivot":{"x":-31.159320831298829,"y":-8.683735847473145,"z":-31.695524215698243},"rotation":{"x":-0.055382393300533298,"y":0.8876512050628662,"z":-0.11082105338573456,"w":-0.44366443157196047},"size":23.00163459777832,"orthographic":false}