{"cameraMode":{"drawMode":0,"name":"Shaded","section":"Shading Mode"},"sceneLighting":false,"audioPlay":false,"sceneViewState":{"m_AlwaysRefresh":false,"showFog":true,"showSkybox":false,"showFlares":true,"showImageEffects":true,"showParticleSystems":true,"showVisualEffectGraphs":true,"m_FxEnabled":true},"in2DMode":false,"pivot":{"x":-7.6053056716918949,"y":0.5734144449234009,"z":-7.883360385894775},"rotation":{"x":0.047574665397405627,"y":-0.934569776058197,"z":0.13952791690826417,"w":0.32469287514686587},"size":1.5324172973632813,"orthographic":false}