{"cameraMode":{"drawMode":0,"name":"Shaded","section":"Shading Mode"},"sceneLighting":true,"audioPlay":false,"sceneViewState":{"m_AlwaysRefresh":false,"showFog":true,"showSkybox":true,"showFlares":true,"showImageEffects":true,"showParticleSystems":true,"showVisualEffectGraphs":true,"m_FxEnabled":true},"in2DMode":false,"pivot":{"x":4.153061389923096,"y":4.8938140869140629,"z":-10.130032539367676},"rotation":{"x":-0.02642163448035717,"y":0.939685583114624,"z":-0.07458104938268662,"w":-0.33293163776397707},"size":0.8660253882408142,"orthographic":false}