{"cameraMode":{"drawMode":0,"name":"Shaded","section":"Shading Mode"},"sceneLighting":false,"audioPlay":false,"sceneViewState":{"m_AlwaysRefresh":false,"showFog":true,"showSkybox":false,"showFlares":true,"showImageEffects":true,"showParticleSystems":true,"showVisualEffectGraphs":true,"m_FxEnabled":true},"in2DMode":false,"pivot":{"x":-0.0774279236793518,"y":7.3712921142578129,"z":-0.3075578212738037},"rotation":{"x":0.15442264080047608,"y":-0.15044809877872468,"z":0.024224968627095224,"w":0.9764750003814697},"size":7.460059642791748,"orthographic":false}