{"cameraMode":{"drawMode":0,"name":"Shaded","section":"Shading Mode"},"sceneLighting":false,"audioPlay":false,"sceneViewState":{"m_AlwaysRefresh":false,"showFog":true,"showSkybox":false,"showFlares":true,"showImageEffects":true,"showParticleSystems":true,"showVisualEffectGraphs":true,"m_FxEnabled":true},"in2DMode":false,"pivot":{"x":1.8980000019073487,"y":2.619999885559082,"z":-17.070999145507814},"rotation":{"x":-0.16230356693267823,"y":-0.8132926225662231,"z":0.26928603649139407,"w":-0.48978671431541445},"size":0.05196188762784004,"orthographic":false}